postcode,april_application_count,may_application_count,june_application_count
0800,406,426,415
0801,15,15,14
0810,772,786,791
0812,318,325,327
0820,746,762,751
0821,12,12,11
0822,185,202,209
0828,137,147,151
0829,42,43,46
0830,304,307,311
0831,14,14,15
0832,166,176,177
0834,55,60,60
0835,88,97,102
0836,192,204,214
0837,22,21,22
0838,27,34,35
0839,20,19,20
0840,12,12,11
0841,15,15,16
0845,12,13,13
0846,5,6,6
0850,175,181,177
0851,24,24,25
0852,48,56,53
0854,9,10,11
0860,23,25,27
0862,8,8,8
0870,577,598,596
0871,41,40,38
0872,55,56,57
0873,19,21,21
0880,34,30,33
0881,9,9,9
0885,8,8,8
0886,15,16,17
1230,12,13,12
1335,5,5,5
1340,10,10,10
1355,10,10,10
1470,6,5,6
1490,5,5,5
1565,10,10,10
1595,5,5,5
1655,5,5,5
1885,6,6,6
2000,10481,10885,10948
2001,36,38,39
2006,11,11,11
2007,532,542,557
2008,491,506,507
2009,890,920,929
2010,3014,3116,3118
2011,1196,1247,1255
2015,1303,1346,1352
2016,688,701,703
2017,953,992,1009
2018,894,908,920
2019,790,845,849
2020,839,859,863
2021,1042,1072,1093
2022,1313,1363,1365
2023,580,594,600
2024,614,640,659
2025,503,525,523
2026,2105,2184,2186
2027,543,572,576
2028,571,592,585
2029,671,694,702
2030,822,859,882
2031,1535,1594,1614
2032,457,478,485
2033,423,438,437
2034,861,895,900
2035,1432,1489,1491
2036,1166,1246,1273
2037,667,696,717
2038,513,532,535
2039,531,561,559
2040,1214,1265,1296
2041,931,1006,1014
2042,1070,1122,1129
2043,324,345,348
2044,562,582,587
2045,285,301,293
2046,1315,1381,1391
2047,640,674,672
2048,325,334,343
2049,482,507,506
2050,414,437,436
2052,8,8,9
2057,11,11,11
2059,12,12,8
2060,1760,1858,1889
2061,372,401,404
2062,349,361,355
2063,314,325,327
2064,704,729,746
2065,2018,2104,2126
2066,1433,1489,1482
2067,1999,2073,2090
2068,708,744,766
2069,667,710,722
2070,581,595,602
2071,504,521,524
2072,468,498,491
2073,714,750,744
2074,805,834,835
2075,900,947,953
2076,898,953,961
2077,1514,1592,1595
2079,198,218,221
2080,128,136,138
2081,168,189,189
2082,163,172,181
2083,88,87,89
2084,222,241,241
2085,528,556,562
2086,686,732,746
2087,529,565,565
2088,1399,1471,1486
2089,749,785,796
2090,560,596,595
2092,371,389,397
2093,1135,1208,1214
2094,251,274,276
2095,1047,1105,1093
2096,713,754,775
2097,728,773,787
2099,1872,1979,1998
2100,1715,1820,1859
2101,969,1044,1061
2102,543,560,564
2103,811,858,871
2104,182,195,194
2105,121,130,134
2106,611,645,651
2107,1094,1157,1190
2108,116,122,122
2109,10,12,10
2110,467,491,501
2111,758,815,817
2112,1311,1370,1376
2113,1077,1122,1145
2114,894,928,932
2115,402,428,447
2116,430,464,471
2117,762,791,799
2118,1046,1093,1115
2119,442,459,460
2120,755,806,804
2121,1068,1110,1120
2122,1290,1343,1356
2124,25,26,27
2125,643,684,698
2126,544,566,579
2127,811,849,853
2128,472,490,499
2129,34,35,36
2130,322,339,343
2131,748,774,766
2132,410,428,433
2133,403,414,421
2134,1077,1108,1116
2135,1086,1118,1129
2136,394,406,417
2137,1261,1326,1342
2138,738,783,790
2140,753,791,806
2141,1228,1274,1287
2142,1160,1189,1194
2143,411,421,439
2144,1920,1988,2056
2145,2566,2654,2695
2146,460,473,484
2147,1330,1402,1423
2148,2303,2392,2443
2150,1956,2044,2066
2151,846,870,881
2152,364,382,392
2153,2897,3058,3096
2154,1903,2012,2041
2155,2188,2309,2333
2156,645,685,700
2157,244,267,273
2158,556,570,575
2159,276,292,294
2160,1598,1650,1689
2161,1395,1446,1494
2162,675,706,720
2163,328,337,353
2164,1522,1608,1645
2165,1295,1321,1361
2166,1700,1744,1786
2167,225,232,240
2168,963,987,1003
2170,4070,4193,4293
2171,1140,1177,1220
2172,87,94,97
2173,294,300,299
2174,229,238,236
2175,151,162,167
2176,1387,1433,1452
2177,386,395,402
2178,235,251,259
2179,372,397,410
2190,1405,1444,1462
2191,253,263,269
2192,633,642,661
2193,614,635,641
2194,1139,1146,1176
2195,1521,1528,1575
2196,1507,1544,1590
2197,398,418,422
2198,300,314,316
2199,682,719,734
2200,2387,2463,2505
2203,428,445,450
2204,1520,1595,1611
2205,757,776,789
2206,823,846,851
2207,1002,1041,1071
2208,645,677,685
2209,559,581,580
2210,1229,1302,1321
2211,748,771,779
2212,687,716,717
2213,596,628,643
2214,244,263,261
2216,1251,1294,1313
2217,1230,1267,1283
2218,538,548,566
2219,544,579,581
2220,1490,1550,1567
2221,670,710,714
2222,375,388,387
2223,710,757,765
2224,647,677,685
2225,176,195,199
2226,363,378,385
2227,534,561,565
2228,952,1003,1017
2229,1875,1970,1996
2230,1462,1552,1581
2231,142,152,155
2232,1323,1387,1419
2233,787,864,875
2234,1041,1094,1117
2250,2741,2902,2927
2251,1227,1296,1315
2256,399,421,419
2257,929,998,1010
2258,192,203,206
2259,1794,1878,1916
2260,1165,1246,1258
2261,1515,1631,1649
2262,358,379,379
2263,560,592,595
2264,426,451,465
2265,161,171,183
2267,73,77,82
2278,55,61,62
2280,773,819,830
2281,431,434,444
2282,530,561,564
2283,605,635,647
2284,327,337,342
2285,796,839,848
2286,80,85,87
2287,723,758,768
2289,634,688,694
2290,1151,1229,1248
2291,671,700,711
2292,199,205,207
2293,156,161,164
2294,97,107,107
2295,128,133,132
2296,87,89,90
2297,60,65,67
2298,207,217,219
2299,304,318,323
2300,876,936,946
2302,199,208,206
2303,413,435,445
2304,492,519,515
2305,412,441,448
2306,17,16,15
2307,46,48,45
2308,7,6,6
2311,36,35,37
2312,50,51,51
2315,500,527,539
2316,270,287,295
2317,256,274,272
2318,315,329,327
2319,105,113,113
2320,1115,1167,1176
2321,393,409,417
2322,519,562,573
2323,639,665,666
2324,591,619,631
2325,639,672,675
2326,130,137,141
2327,139,141,144
2328,51,53,54
2329,75,83,86
2330,441,467,478
2333,211,224,232
2334,50,51,54
2335,175,183,179
2336,55,59,58
2337,278,295,301
2338,61,63,63
2339,41,44,49
2340,1567,1651,1703
2341,28,27,29
2342,24,30,31
2343,194,210,215
2344,23,28,30
2345,31,35,37
2346,95,102,102
2347,81,97,107
2350,836,895,915
2352,82,88,87
2353,22,22,24
2354,275,296,309
2355,12,13,13
2357,131,146,146
2358,138,143,151
2359,29,27,32
2360,460,495,513
2361,38,35,36
2365,210,234,241
2369,14,14,16
2370,341,369,391
2371,50,60,61
2372,223,242,247
2379,23,29,28
2380,322,354,361
2381,41,51,51
2382,57,64,68
2386,32,34,34
2387,15,17,19
2388,149,158,164
2390,317,338,341
2395,22,26,26
2396,24,27,26
2397,29,30,31
2398,20,19,21
2399,28,31,31
2400,435,466,475
2401,15,18,19
2402,81,90,92
2403,42,45,45
2404,56,64,71
2405,43,47,45
2406,36,42,42
2408,34,36,38
2409,23,27,27
2410,13,12,13
2411,5,6,7
2415,8,11,12
2420,144,149,154
2421,72,80,81
2422,160,167,173
2423,104,117,120
2424,17,19,18
2425,65,72,75
2426,11,11,12
2427,53,54,57
2428,732,776,787
2429,202,212,220
2430,757,823,855
2431,143,147,155
2439,105,109,106
2440,511,541,550
2441,129,129,129
2443,220,229,232
2444,1788,1857,1882
2445,202,215,218
2446,443,463,484
2447,212,228,230
2448,232,243,246
2449,52,60,59
2450,1820,1936,1977
2452,393,422,440
2453,91,102,102
2454,350,370,376
2455,91,100,105
2456,495,513,509
2460,651,683,696
2462,73,80,80
2463,215,229,234
2464,309,320,319
2465,11,12,12
2466,42,44,45
2469,98,103,104
2470,322,354,364
2471,40,46,48
2472,51,56,57
2473,77,81,81
2474,195,216,217
2475,14,15,16
2476,12,16,16
2477,464,507,511
2478,1280,1374,1394
2479,523,565,572
2480,1574,1682,1736
2481,1531,1592,1590
2482,529,555,560
2483,739,785,807
2484,790,835,838
2485,531,555,574
2486,1039,1099,1109
2487,791,825,840
2488,173,182,187
2489,280,290,297
2490,26,29,31
2500,1639,1714,1733
2502,273,284,290
2505,136,148,147
2506,122,120,119
2508,351,370,384
2515,535,568,569
2516,223,237,237
2517,377,387,397
2518,527,556,557
2519,519,538,541
2520,6,7,7
2525,315,331,329
2526,475,506,515
2527,498,522,530
2528,394,423,423
2529,753,797,808
2530,583,619,620
2533,624,655,665
2534,245,258,262
2535,360,381,390
2536,591,624,637
2537,366,387,386
2538,143,156,154
2539,751,789,814
2540,1196,1263,1288
2541,800,852,860
2545,35,36,38
2546,450,472,470
2548,339,360,359
2549,177,188,187
2550,544,577,594
2551,133,142,141
2555,13,14,15
2556,156,163,163
2557,473,513,523
2558,212,218,227
2559,50,53,57
2560,1760,1831,1846
2563,10,10,11
2564,307,314,312
2565,917,971,987
2566,795,846,863
2567,1409,1505,1529
2568,36,43,42
2569,50,56,55
2570,1613,1712,1769
2571,435,467,472
2572,124,135,137
2573,121,127,127
2574,150,171,180
2575,670,723,734
2576,776,825,827
2577,744,804,819
2578,110,116,115
2579,150,162,170
2580,743,799,817
2581,65,71,76
2582,386,428,449
2583,140,153,159
2584,28,31,31
2585,12,12,15
2586,118,129,132
2587,118,125,131
2588,24,25,28
2590,191,222,233
2594,383,409,420
2600,480,491,490
2601,485,502,506
2602,651,674,687
2603,352,369,369
2604,367,377,374
2605,251,251,259
2606,341,359,367
2607,310,320,331
2609,522,554,552
2611,549,572,577
2612,374,392,381
2614,332,348,355
2615,627,652,652
2617,680,714,718
2618,74,75,74
2619,169,172,173
2620,1077,1136,1170
2621,185,196,202
2622,170,191,198
2623,10,13,13
2624,11,11,11
2625,51,53,55
2626,17,19,20
2627,309,324,326
2628,94,111,117
2629,22,21,23
2630,303,342,359
2631,28,31,30
2632,66,75,75
2633,11,10,12
2640,1385,1470,1510
2641,318,344,351
2642,176,210,228
2643,60,63,69
2644,68,78,84
2645,27,30,33
2646,234,247,273
2647,87,95,101
2648,74,76,78
2650,1832,1998,2049
2651,32,35,36
2652,178,207,214
2653,61,63,65
2655,44,50,56
2656,56,68,74
2658,49,57,58
2659,28,35,37
2660,48,51,51
2663,108,125,128
2665,102,114,118
2666,226,260,271
2668,21,24,25
2669,103,116,115
2671,177,188,187
2672,53,58,65
2675,46,53,56
2680,831,921,956
2681,47,52,57
2700,113,123,138
2701,61,69,72
2702,22,23,25
2703,8,9,9
2705,230,240,258
2706,24,26,25
2707,84,93,98
2710,337,369,381
2711,110,120,130
2712,65,68,69
2713,116,134,142
2714,101,116,122
2715,44,49,56
2716,63,71,73
2717,21,25,25
2720,193,216,220
2721,17,18,18
2722,91,109,108
2725,16,19,18
2726,15,16,14
2727,16,22,23
2729,50,66,67
2730,45,47,47
2731,238,258,268
2732,66,71,78
2733,19,19,25
2734,18,19,20
2735,8,11,13
2736,10,13,15
2737,20,23,23
2738,51,58,59
2739,41,39,41
2745,780,835,864
2747,915,955,985
2748,111,121,128
2749,348,363,374
2750,1663,1765,1788
2751,8,8,7
2752,150,165,177
2753,597,639,648
2754,192,215,222
2756,1367,1469,1511
2757,40,41,43
2758,391,411,421
2759,579,605,618
2760,752,780,796
2761,748,773,790
2762,317,330,327
2763,726,758,772
2765,961,1028,1050
2766,393,421,424
2767,426,444,430
2768,855,903,910
2769,384,399,406
2770,955,991,1006
2773,193,211,218
2774,343,361,373
2775,75,76,79
2776,112,114,120
2777,525,561,549
2778,58,61,64
2779,122,132,126
2780,648,674,673
2782,213,228,228
2783,95,98,101
2784,33,37,39
2785,221,235,239
2786,47,52,52
2787,109,118,127
2790,336,350,355
2791,9,9,10
2792,8,8,8
2793,32,32,34
2794,332,368,377
2795,1175,1258,1309
2797,10,10,10
2798,84,93,92
2799,92,92,95
2800,1325,1385,1398
2803,8,8,9
2804,105,117,124
2805,17,19,21
2806,40,44,41
2807,10,12,12
2809,13,16,16
2810,169,185,193
2817,12,12,14
2818,21,22,22
2820,167,174,181
2821,190,212,222
2822,19,17,18
2823,83,89,95
2824,115,124,131
2825,103,111,119
2826,12,12,15
2827,129,143,155
2828,44,47,49
2829,139,153,160
2830,1460,1578,1618
2831,148,157,159
2832,92,103,111
2833,18,19,22
2834,73,75,78
2835,115,124,124
2836,13,17,20
2839,20,22,25
2840,92,96,98
2842,27,31,31
2843,51,52,51
2844,56,57,61
2845,33,34,33
2846,12,13,13
2847,32,36,36
2848,17,20,19
2849,62,62,65
2850,662,680,687
2852,104,109,107
2864,30,28,29
2865,29,30,32
2866,110,116,127
2867,20,22,24
2868,19,23,28
2869,92,102,103
2870,391,420,430
2871,356,390,404
2873,57,63,63
2874,29,32,38
2875,47,58,63
2876,37,39,42
2877,137,142,156
2878,12,14,14
2879,11,11,8
2880,405,425,432
2898,46,46,47
2899,153,159,158
2900,91,91,92
2902,216,219,234
2903,158,162,171
2904,204,215,219
2905,419,439,436
2906,221,218,223
2911,266,277,286
2912,228,232,242
2913,654,687,706
2914,515,536,544
3000,6790,7068,7165
3001,15,17,16
3002,503,552,552
3003,455,470,476
3004,1341,1411,1426
3005,11,11,11
3006,961,1004,1009
3008,904,932,951
3011,1169,1213,1254
3012,1061,1123,1134
3013,625,659,687
3015,631,665,685
3016,849,900,923
3018,438,454,466
3019,340,343,359
3020,1828,1902,1981
3021,1415,1466,1530
3022,77,75,81
3023,1994,2075,2162
3024,523,552,555
3025,492,522,532
3026,551,573,588
3027,311,323,330
3028,672,698,722
3029,3816,3936,4042
3030,3360,3500,3556
3031,751,788,805
3032,1115,1172,1219
3033,492,527,540
3034,296,319,333
3036,201,212,219
3037,1317,1379,1402
3038,814,867,893
3039,758,788,805
3040,1164,1218,1254
3041,510,540,545
3042,854,908,933
3043,1036,1110,1143
3044,861,901,934
3045,24,29,29
3046,1123,1173,1243
3047,733,764,799
3048,597,618,640
3049,278,298,310
3050,5,5,5
3051,900,933,957
3052,226,239,243
3053,841,878,890
3054,414,443,459
3055,424,448,465
3056,1367,1416,1461
3057,702,729,738
3058,1701,1763,1808
3059,613,647,675
3060,586,599,613
3061,965,1036,1062
3062,120,130,129
3063,26,27,26
3064,2974,3105,3226
3065,1021,1052,1071
3066,1082,1133,1152
3067,662,685,690
3068,1005,1046,1063
3070,1177,1252,1282
3071,821,860,881
3072,1567,1648,1691
3073,1521,1578,1647
3074,1168,1268,1309
3075,618,642,663
3076,1223,1283,1328
3078,581,616,636
3079,716,772,770
3081,697,732,749
3082,874,928,949
3083,1033,1089,1121
3084,913,971,994
3085,324,355,370
3086,5,6,6
3087,217,224,236
3088,929,979,998
3089,401,423,447
3090,121,128,131
3091,88,96,103
3093,158,172,174
3094,298,314,328
3095,1215,1303,1341
3096,66,66,68
3097,78,86,88
3099,204,216,227
3101,1302,1372,1401
3102,358,383,390
3103,807,831,845
3104,909,931,972
3105,469,481,502
3106,738,796,829
3107,543,566,574
3108,936,976,998
3109,1235,1297,1322
3111,441,459,481
3113,411,440,457
3114,178,184,193
3115,184,199,206
3116,363,401,412
3121,2486,2608,2664
3122,1289,1347,1367
3123,701,736,749
3124,1254,1320,1349
3125,579,600,608
3126,398,419,431
3127,833,865,874
3128,1146,1203,1223
3129,600,633,644
3130,1270,1335,1387
3131,981,1032,1054
3132,667,707,729
3133,771,827,840
3134,1443,1526,1573
3135,592,624,656
3136,1390,1499,1555
3137,476,503,530
3138,598,627,673
3139,486,527,544
3140,616,659,677
3141,1653,1734,1766
3142,738,773,776
3143,530,554,563
3144,812,839,858
3145,1016,1069,1077
3146,930,976,985
3147,547,576,590
3148,344,357,367
3149,1507,1598,1638
3150,2335,2466,2517
3151,373,407,415
3152,1167,1239,1275
3153,1191,1297,1349
3154,121,136,139
3155,659,696,716
3156,1239,1318,1353
3158,215,237,240
3159,92,99,103
3160,362,391,403
3161,892,924,931
3162,1014,1054,1069
3163,1081,1141,1168
3164,5,7,8
3165,1085,1147,1182
3166,1180,1249,1280
3167,405,431,443
3168,956,993,1014
3169,714,762,785
3170,890,931,945
3171,994,1034,1054
3172,656,692,714
3173,1019,1070,1116
3174,1030,1076,1115
3175,3317,3520,3656
3177,404,411,438
3178,1203,1273,1314
3179,274,296,295
3180,398,424,428
3181,1387,1439,1450
3182,1420,1483,1507
3183,845,872,899
3184,801,847,853
3185,826,855,863
3186,1378,1424,1478
3187,714,747,767
3188,876,911,931
3189,837,888,906
3190,489,524,542
3191,489,519,539
3192,1326,1420,1458
3193,879,944,965
3194,557,595,608
3195,1726,1837,1872
3196,788,843,874
3197,395,409,425
3198,685,723,747
3199,1788,1910,1991
3200,68,69,76
3201,822,894,912
3202,174,183,185
3204,1318,1374,1413
3205,1601,1669,1691
3206,658,693,697
3207,1613,1684,1713
3211,38,40,43
3212,335,362,372
3213,135,148,155
3214,351,357,373
3215,612,664,686
3216,1460,1569,1604
3217,322,340,349
3218,541,581,601
3219,425,482,495
3220,1453,1552,1593
3221,59,64,59
3222,461,509,525
3223,198,207,218
3224,413,453,471
3225,210,223,227
3226,667,700,714
3227,210,230,246
3228,1063,1130,1155
3230,147,153,153
3231,86,91,88
3232,112,114,116
3233,168,168,167
3234,16,19,20
3235,24,28,28
3236,12,16,17
3237,12,16,16
3238,19,19,19
3239,8,9,10
3240,83,91,94
3241,81,91,93
3242,34,39,41
3243,25,25,25
3249,78,91,92
3250,319,342,349
3251,15,15,15
3254,6,6,6
3260,116,123,125
3264,41,46,48
3265,35,39,41
3266,48,54,56
3267,5,5,5
3268,50,52,57
3269,53,56,57
3270,10,12,16
3271,6,6,6
3272,33,36,36
3273,7,9,10
3275,14,15,16
3277,35,40,43
3279,5,5,6
3280,932,1007,1027
3281,57,62,62
3282,53,61,62
3283,38,45,48
3284,170,178,183
3285,24,25,25
3286,8,9,13
3287,6,6,6
3289,9,13,14
3292,6,7,7
3293,8,7,9
3294,36,36,37
3300,265,287,291
3301,22,25,30
3302,6,6,7
3304,38,39,46
3305,306,324,336
3311,37,40,42
3312,15,18,20
3314,13,18,18
3315,16,15,19
3318,25,28,34
3319,7,8,9
3321,65,73,72
3324,18,19,21
3325,14,14,15
3328,30,34,34
3329,7,10,10
3330,5,6,5
3331,175,178,189
3332,31,34,35
3333,27,29,30
3334,18,18,20
3335,92,93,101
3336,335,348,343
3337,886,962,993
3338,568,594,613
3340,562,599,634
3341,56,60,63
3342,102,111,118
3345,32,35,37
3350,2125,2261,2300
3351,240,268,288
3352,574,612,624
3353,8,9,9
3355,350,374,386
3356,310,327,345
3357,98,105,108
3358,36,42,42
3360,22,23,21
3361,16,18,20
3363,97,105,107
3364,87,92,97
3370,49,53,57
3371,20,23,25
3373,63,78,79
3374,10,12,12
3375,9,14,14
3377,184,190,197
3378,6,6,6
3379,14,15,20
3380,125,137,147
3381,73,74,76
3384,16,16,18
3385,11,12,15
3387,6,7,8
3388,5,5,5
3390,7,10,10
3393,49,56,59
3395,6,6,6
3396,14,14,15
3400,348,358,377
3401,95,100,107
3402,7,8,8
3407,11,13,12
3409,18,20,20
3414,14,18,19
3418,61,65,64
3419,20,23,24
3420,5,6,8
3423,5,5,5
3424,10,11,13
3427,99,105,114
3428,35,36,37
3429,938,1016,1055
3430,10,10,10
3431,123,139,143
3432,9,10,9
3433,7,8,8
3434,150,162,171
3435,96,111,116
3437,397,424,440
3438,95,100,101
3440,91,96,98
3441,76,84,83
3442,326,346,359
3444,403,438,450
3446,37,41,43
3447,19,20,22
3448,33,40,41
3450,305,317,325
3451,181,188,194
3453,50,57,56
3458,97,98,100
3460,201,205,210
3461,225,239,239
3462,37,41,43
3463,84,89,98
3464,27,27,28
3465,228,244,246
3467,40,37,41
3468,6,7,8
3469,9,12,12
3472,29,30,31
3475,9,9,11
3477,17,19,20
3478,59,65,73
3480,37,42,47
3483,29,30,31
3485,5,6,5
3490,29,32,34
3494,12,14,16
3496,158,171,179
3498,179,196,206
3500,970,1029,1047
3501,74,85,90
3502,17,18,20
3505,117,123,131
3509,5,7,7
3512,7,7,8
3515,49,55,56
3516,13,15,16
3517,32,38,38
3518,16,23,21
3521,16,20,23
3522,9,9,9
3523,97,104,105
3525,28,34,39
3527,16,21,25
3530,6,8,9
3531,5,5,5
3533,17,18,24
3537,22,25,26
3540,8,11,14
3544,6,11,11
3546,11,13,17
3549,76,79,85
3550,1352,1455,1467
3551,755,821,834
3552,6,6,6
3555,421,443,458
3556,196,214,224
3557,15,14,15
3558,20,23,23
3559,16,18,19
3561,94,106,111
3562,17,16,15
3563,14,14,14
3564,664,697,713
3566,11,12,12
3567,11,13,15
3568,86,91,92
3570,15,18,18
3571,9,10,10
3573,7,9,9
3575,20,21,22
3579,172,188,206
3580,25,25,27
3583,7,9,11
3584,28,30,30
3585,409,457,485
3586,28,29,30
3588,7,9,12
3589,8,19,23
3590,7,9,9
3591,7,8,9
3594,10,10,11
3595,11,12,14
3597,17,21,22
3608,71,78,82
3610,34,37,41
3612,28,31,31
3614,30,33,32
3616,146,159,164
3618,7,8,8
3620,230,260,264
3621,40,43,46
3622,10,12,15
3623,19,21,23
3624,8,9,10
3629,163,180,181
3630,962,1045,1079
3631,435,480,506
3632,7,9,9
3633,24,25,24
3634,54,59,60
3635,21,21,25
3636,131,135,139
3637,19,21,20
3638,53,59,57
3639,15,15,14
3640,17,25,27
3641,33,38,40
3644,327,346,360
3646,25,29,30
3649,14,17,18
3658,161,171,175
3659,22,21,21
3660,186,190,199
3662,10,10,10
3663,6,6,6
3664,38,40,43
3665,14,16,17
3666,163,183,186
3669,33,33,37
3670,14,16,15
3671,5,6,6
3672,264,288,290
3673,50,55,58
3675,52,54,57
3676,8,9,9
3677,562,588,609
3678,206,230,246
3682,19,23,25
3683,34,37,39
3685,113,124,134
3687,21,21,22
3688,36,39,39
3690,822,887,927
3691,279,307,313
3695,13,17,19
3697,28,29,31
3698,50,49,52
3699,67,71,73
3700,36,41,41
3701,31,31,33
3707,40,49,55
3709,15,16,15
3711,29,29,30
3712,16,16,17
3713,32,36,36
3714,121,127,133
3715,9,11,12
3717,149,155,160
3718,5,5,5
3719,18,20,20
3720,27,29,30
3722,290,317,322
3723,136,146,151
3724,9,10,10
3725,14,18,18
3726,7,9,9
3727,10,11,11
3728,7,9,12
3730,303,317,327
3732,15,18,17
3733,19,20,20
3735,20,19,22
3737,164,188,193
3738,13,13,13
3739,13,14,14
3740,57,63,63
3741,252,263,261
3744,33,35,34
3746,6,5,7
3747,230,238,236
3749,60,67,70
3750,517,549,564
3751,12,11,11
3752,681,732,766
3753,82,92,93
3754,1115,1180,1212
3755,15,16,18
3756,328,347,356
3757,281,308,321
3758,70,74,75
3759,58,66,67
3760,22,24,26
3761,66,67,69
3762,8,8,8
3763,50,61,63
3764,262,277,281
3765,215,232,252
3766,47,50,53
3767,43,44,45
3770,177,187,198
3775,196,206,211
3777,526,571,571
3778,17,17,16
3779,33,33,34
3781,114,122,130
3782,279,304,314
3783,92,92,94
3786,46,48,51
3787,68,74,76
3788,105,110,114
3789,10,11,12
3791,69,77,82
3792,41,41,41
3793,167,181,187
3795,76,80,83
3796,360,397,419
3797,114,118,123
3799,182,183,187
3800,5,5,5
3802,758,813,849
3803,703,771,794
3804,395,413,428
3805,1722,1801,1861
3806,1658,1756,1802
3807,287,307,319
3808,147,162,166
3809,322,344,366
3810,1335,1450,1493
3812,97,112,115
3813,43,46,50
3814,79,87,88
3815,119,130,136
3816,74,86,88
3818,382,409,430
3820,581,639,661
3821,115,130,138
3822,22,23,24
3823,58,63,63
3824,93,103,106
3825,290,307,317
3831,58,66,67
3832,13,13,13
3833,11,12,13
3835,11,12,13
3840,301,325,345
3842,47,48,52
3844,722,756,777
3847,41,45,46
3850,429,464,474
3851,125,137,140
3853,7,8,8
3854,20,24,26
3856,13,15,16
3857,8,9,9
3858,67,73,75
3859,22,24,24
3860,173,187,193
3862,75,85,87
3864,6,7,6
3865,15,16,16
3869,32,35,34
3870,23,24,25
3871,74,79,85
3874,11,12,13
3875,607,651,655
3878,22,26,26
3880,110,115,117
3882,28,32,34
3885,57,65,64
3886,10,13,13
3887,10,10,11
3888,67,73,76
3889,7,6,7
3890,8,12,10
3891,7,8,6
3892,48,51,52
3895,6,8,8
3896,14,17,17
3898,34,38,38
3900,8,8,9
3902,9,9,9
3903,20,21,21
3904,51,51,53
3909,265,274,275
3910,612,637,666
3911,162,165,173
3912,575,625,657
3913,145,161,169
3915,294,326,338
3916,47,51,57
3918,115,122,132
3919,61,68,68
3921,5,5,6
3922,373,388,397
3923,29,32,32
3925,194,212,213
3926,166,180,175
3927,72,77,80
3928,40,39,41
3929,74,73,74
3930,817,864,898
3931,1300,1376,1414
3933,79,84,87
3934,762,816,826
3936,500,545,560
3937,119,127,127
3938,128,137,144
3939,534,573,585
3940,108,112,111
3941,611,662,690
3942,118,129,133
3943,121,123,130
3944,33,31,33
3945,40,39,40
3946,8,8,7
3950,120,134,137
3951,35,41,43
3953,224,244,254
3954,14,14,12
3956,71,77,83
3957,5,5,5
3958,6,8,9
3959,51,55,58
3960,89,92,94
3962,19,19,20
3964,11,11,11
3965,5,5,5
3966,11,11,12
3971,87,91,89
3975,522,541,553
3976,586,601,629
3977,2884,3019,3134
3978,770,819,829
3979,10,12,13
3980,99,105,119
3981,137,152,157
3984,139,152,157
3987,35,40,44
3988,30,30,34
3991,15,15,16
3992,16,21,22
3995,321,346,359
3996,205,220,225
4000,3085,3235,3287
4001,64,66,71
4004,10,11,11
4005,872,917,910
4006,1670,1731,1747
4007,658,679,685
4008,115,132,132
4009,191,205,206
4010,291,307,308
4011,668,701,717
4012,701,730,728
4013,239,256,256
4014,538,562,567
4017,891,929,941
4018,303,302,305
4019,569,613,621
4020,671,713,723
4021,217,231,235
4022,119,125,124
4025,10,10,9
4030,580,606,603
4031,435,474,476
4032,537,569,578
4034,1419,1501,1497
4035,773,828,837
4036,123,137,137
4037,242,259,265
4051,995,1041,1051
4053,1346,1432,1429
4054,323,335,338
4055,479,496,495
4059,505,524,528
4060,488,525,527
4061,562,602,601
4064,1066,1104,1099
4065,370,393,398
4066,750,780,779
4067,223,244,243
4068,759,794,806
4069,1253,1322,1339
4070,367,378,370
4072,5,5,5
4073,331,348,355
4074,884,926,942
4075,749,789,800
4076,315,346,351
4077,814,836,852
4078,552,573,576
4101,1428,1493,1499
4102,487,520,522
4103,475,498,513
4104,234,240,233
4105,552,566,586
4106,299,320,328
4107,336,364,365
4108,515,536,539
4109,1586,1647,1638
4110,631,656,665
4111,26,28,28
4112,313,317,330
4113,1273,1317,1329
4114,683,720,722
4115,598,605,610
4116,1003,1030,1028
4117,88,92,98
4118,778,819,822
4119,519,539,550
4120,520,539,547
4121,844,896,900
4122,1597,1664,1689
4123,673,708,713
4124,573,614,618
4125,249,272,279
4127,1088,1135,1178
4128,554,591,607
4129,392,412,418
4130,356,381,390
4131,296,318,323
4132,365,392,411
4133,446,461,472
4151,670,703,716
4152,1421,1513,1513
4153,141,146,148
4154,371,395,390
4155,115,119,123
4156,129,142,147
4157,901,945,961
4158,90,94,90
4159,367,400,396
4160,565,593,592
4161,358,375,376
4163,614,644,654
4164,499,518,523
4165,1032,1100,1133
4169,670,706,707
4170,992,1044,1052
4171,758,805,815
4172,326,348,354
4173,325,348,341
4174,160,168,173
4178,786,842,838
4179,548,584,592
4183,114,118,117
4184,141,146,152
4205,99,104,106
4207,1748,1840,1892
4208,746,796,828
4209,1742,1835,1855
4210,817,860,880
4211,2473,2616,2672
4212,1641,1712,1730
4213,1443,1536,1561
4214,2212,2325,2347
4215,2469,2576,2612
4216,1617,1690,1725
4217,2979,3094,3127
4218,2160,2260,2258
4219,26,28,28
4220,2350,2469,2495
4221,1364,1445,1449
4223,858,907,923
4224,353,366,365
4225,502,524,535
4226,1682,1771,1779
4227,1073,1137,1168
4228,311,334,343
4230,24,25,25
4270,146,160,171
4271,14,14,13
4272,399,417,422
4275,180,188,193
4280,487,531,544
4285,516,553,579
4287,30,35,36
4300,1402,1482,1491
4301,469,475,481
4303,51,53,52
4304,295,306,305
4305,1084,1158,1189
4306,875,944,958
4307,34,37,39
4309,80,88,90
4310,174,197,204
4311,214,222,225
4312,63,66,70
4313,64,67,68
4314,46,52,54
4340,106,118,128
4341,273,283,296
4342,68,77,80
4343,294,325,325
4344,90,96,102
4346,32,32,33
4347,33,37,38
4350,3002,3221,3287
4352,812,872,902
4353,13,13,15
4354,25,27,31
4355,70,77,78
4356,166,175,187
4357,66,74,82
4358,67,80,82
4359,42,46,47
4360,23,23,25
4361,99,102,112
4362,107,115,118
4363,23,22,22
4364,15,17,18
4365,13,14,13
4370,564,608,608
4371,25,28,29
4372,7,7,8
4373,34,35,36
4374,16,18,19
4375,9,9,9
4376,16,17,18
4377,20,23,23
4378,31,32,33
4380,297,325,325
4381,23,22,22
4382,36,41,40
4383,10,12,12
4385,51,57,56
4387,53,56,58
4388,17,19,24
4390,347,407,425
4400,33,37,39
4401,115,123,126
4402,13,14,14
4403,46,50,50
4404,33,35,38
4405,461,491,510
4406,86,92,98
4407,24,30,33
4408,41,44,46
4410,56,64,64
4411,29,29,28
4412,21,22,22
4413,202,227,238
4415,56,63,62
4416,30,37,37
4417,29,33,33
4419,31,37,40
4420,57,72,79
4421,58,60,63
4422,40,48,45
4423,19,19,22
4424,8,9,9
4425,9,11,12
4426,6,7,7
4427,18,19,19
4428,34,35,40
4454,32,39,42
4455,289,328,328
4461,5,7,7
4462,6,7,7
4465,37,51,56
4467,7,10,11
4468,13,17,17
4470,77,81,88
4472,40,43,48
4477,22,27,28
4478,28,28,28
4480,29,36,37
4481,6,6,6
4486,48,53,56
4487,120,137,144
4488,14,15,17
4490,50,55,59
4491,6,7,7
4494,12,17,18
4496,18,20,21
4497,28,35,36
4498,11,11,11
4500,1347,1439,1453
4501,151,161,168
4502,168,177,180
4503,920,974,979
4504,422,451,454
4505,571,619,634
4506,454,488,493
4507,439,455,465
4508,311,314,329
4509,902,929,949
4510,935,994,1013
4511,183,194,192
4512,132,139,144
4514,188,202,208
4515,91,96,103
4516,122,134,138
4517,18,19,18
4518,159,173,173
4519,251,273,274
4520,617,658,676
4521,190,204,211
4550,178,192,198
4551,2207,2326,2337
4552,396,414,420
4553,333,348,349
4554,101,111,114
4555,290,309,316
4556,2006,2137,2161
4557,987,1041,1050
4558,1307,1377,1389
4559,283,306,314
4560,1121,1178,1194
4561,403,429,441
4562,577,603,615
4563,415,438,445
4564,578,616,624
4565,600,627,638
4566,796,830,840
4567,1020,1071,1066
4568,155,159,158
4569,69,67,71
4570,1139,1212,1255
4571,35,35,40
4572,249,264,275
4573,1566,1649,1670
4574,61,61,62
4575,1392,1464,1474
4580,95,102,101
4581,93,100,99
4600,25,25,29
4601,39,46,47
4605,91,102,105
4606,58,66,68
4608,33,37,34
4610,381,411,429
4611,6,6,5
4612,7,8,9
4613,22,27,29
4614,25,24,26
4615,148,159,167
4620,12,14,16
4621,34,38,38
4625,73,84,89
4626,55,68,72
4627,12,17,21
4630,46,47,52
4650,553,583,592
4655,1383,1475,1484
4659,65,70,71
4660,171,189,195
4662,9,10,11
4670,1632,1726,1743
4671,73,77,87
4673,12,13,11
4674,24,26,25
4677,158,163,163
4678,8,9,11
4680,930,974,978
4694,6,6,6
4695,14,16,17
4699,15,19,18
4700,604,633,641
4701,683,738,748
4702,590,658,674
4703,598,628,637
4705,11,17,18
4707,9,9,9
4709,6,8,9
4710,77,84,87
4711,29,35,35
4712,8,10,10
4714,22,24,27
4715,112,122,128
4716,13,19,18
4717,51,52,53
4718,38,43,46
4719,35,38,37
4720,364,394,407
4721,82,98,104
4722,45,63,68
4723,39,46,47
4724,28,34,36
4725,41,43,44
4726,6,6,7
4727,9,10,13
4728,8,9,11
4730,108,116,114
4732,7,7,8
4735,35,36,38
4737,143,146,152
4738,25,27,27
4739,7,7,7
4740,1760,1860,1912
4741,123,139,154
4742,20,25,27
4744,82,88,88
4745,24,25,28
4746,10,13,13
4750,71,77,75
4751,64,72,70
4753,70,77,76
4754,38,42,42
4756,14,14,16
4757,13,11,11
4798,17,24,25
4799,23,24,26
4800,380,393,403
4802,749,769,770
4803,20,20,20
4804,24,28,31
4805,208,237,251
4806,64,68,69
4807,268,281,289
4808,20,20,22
4809,32,35,36
4810,925,956,954
4811,220,237,242
4812,609,629,625
4814,1021,1066,1060
4815,220,243,239
4816,177,188,197
4817,546,568,567
4818,543,577,594
4819,134,136,135
4820,164,179,182
4821,48,52,52
4822,18,23,27
4823,19,27,27
4824,38,38,37
4825,248,261,257
4828,8,8,7
4829,8,10,10
4830,11,11,11
4849,45,46,47
4850,339,381,448
4852,200,210,204
4854,146,162,167
4855,27,31,30
4856,14,16,17
4858,38,42,41
4859,9,9,10
4860,281,298,299
4861,30,31,33
4865,201,238,243
4868,532,566,578
4869,406,423,417
4870,3651,3805,3830
4871,266,281,289
4872,147,163,165
4873,326,339,347
4874,75,77,74
4875,61,63,61
4876,18,22,21
4877,531,544,542
4878,509,525,532
4879,785,816,806
4880,387,402,406
4881,264,269,273
4882,102,114,122
4883,309,326,326
4884,91,93,90
4885,125,136,140
4886,19,23,25
4887,37,41,40
4888,69,70,72
4890,20,22,21
4891,27,29,29
4892,18,19,19
4895,99,105,109
5000,3056,3193,3246
5001,19,17,20
5005,8,8,8
5006,559,571,566
5007,445,464,474
5008,423,446,446
5009,329,344,356
5010,173,178,186
5011,384,410,429
5012,256,272,278
5013,375,433,445
5014,347,381,393
5015,291,309,313
5016,181,200,202
5017,51,52,52
5018,89,100,100
5019,214,231,232
5020,66,71,73
5021,210,213,215
5022,514,543,547
5023,417,433,448
5024,411,436,451
5025,265,278,283
5031,633,675,684
5032,366,402,410
5033,354,377,381
5034,535,553,563
5035,294,316,321
5037,318,330,340
5038,459,484,495
5039,464,487,492
5040,57,61,60
5041,415,433,437
5042,350,366,370
5043,388,415,420
5044,385,422,429
5045,664,701,714
5046,245,260,259
5047,194,208,205
5048,431,456,462
5049,317,345,352
5050,154,164,163
5051,420,443,440
5052,180,194,196
5061,664,689,688
5062,538,557,565
5063,743,791,795
5064,392,412,412
5065,530,566,574
5066,473,496,505
5067,1046,1128,1169
5068,437,464,460
5069,575,597,612
5070,531,575,591
5071,10,9,8
5072,400,435,451
5073,439,465,476
5074,410,455,471
5075,278,296,307
5076,248,267,279
5081,380,396,409
5082,568,597,598
5083,222,236,237
5084,349,379,386
5085,559,589,593
5086,423,452,475
5087,344,367,373
5088,150,162,161
5089,154,168,176
5090,136,142,149
5091,180,191,201
5092,413,437,428
5093,191,198,199
5094,172,193,201
5095,627,660,665
5096,330,372,382
5097,283,301,313
5098,231,240,254
5106,69,75,78
5107,328,343,342
5108,583,626,647
5109,329,355,361
5110,189,205,218
5111,14,16,19
5112,256,263,271
5113,154,169,171
5114,419,437,438
5115,120,131,136
5116,138,147,149
5117,64,74,77
5118,484,510,516
5120,119,130,150
5121,49,52,53
5125,427,457,462
5126,142,151,158
5127,137,142,147
5131,44,52,52
5132,15,18,18
5133,8,11,11
5134,17,19,21
5136,22,22,23
5137,24,25,25
5138,20,21,22
5139,7,7,8
5140,13,11,12
5141,21,22,23
5142,29,31,32
5144,20,24,24
5151,14,16,18
5152,279,303,306
5153,236,243,256
5154,130,137,140
5155,135,142,148
5156,31,37,41
5157,103,111,105
5158,589,634,644
5159,727,763,785
5160,230,254,267
5161,202,212,217
5162,609,647,661
5163,210,226,229
5164,30,31,30
5165,150,160,159
5166,29,28,28
5167,139,147,150
5168,133,146,149
5169,369,397,401
5170,37,41,43
5171,331,353,369
5172,194,211,217
5173,330,354,350
5174,69,78,82
5201,70,75,76
5202,30,33,35
5203,40,48,49
5204,100,105,105
5210,68,70,68
5211,450,483,489
5212,81,87,90
5213,57,61,62
5214,202,209,212
5220,20,22,22
5221,13,14,13
5222,38,39,44
5223,191,211,217
5231,42,42,41
5232,12,12,14
5233,50,54,54
5234,37,40,41
5235,84,93,94
5236,8,8,8
5237,11,11,14
5238,85,97,105
5240,19,21,22
5241,75,80,77
5242,51,62,65
5243,33,38,41
5244,164,171,178
5245,181,192,202
5250,114,123,125
5251,439,484,493
5252,150,159,161
5253,329,346,342
5254,52,60,64
5255,281,306,309
5256,22,23,20
5259,17,19,19
5260,33,37,37
5261,11,12,13
5263,20,20,21
5264,50,55,53
5265,9,11,11
5266,15,17,17
5267,40,44,44
5268,49,53,57
5269,5,5,5
5270,12,12,13
5271,184,198,203
5272,19,22,22
5275,61,69,74
5276,86,92,97
5277,74,80,81
5278,5,6,5
5280,159,172,190
5290,577,619,637
5291,174,186,190
5301,7,10,12
5302,15,15,19
5304,12,19,21
5307,13,12,16
5311,5,5,5
5320,19,19,19
5321,7,6,6
5322,14,17,19
5330,95,100,105
5331,10,11,11
5332,9,10,11
5333,164,181,186
5340,28,30,30
5341,185,193,197
5342,23,26,27
5343,145,142,148
5344,17,16,17
5345,48,56,61
5346,8,9,8
5350,13,14,14
5351,147,155,155
5352,258,273,274
5353,164,183,184
5354,7,8,11
5355,234,245,244
5356,25,26,28
5357,9,12,16
5360,51,57,56
5371,37,38,36
5372,39,40,42
5373,82,93,100
5374,49,62,65
5381,9,15,19
5400,17,17,17
5401,20,22,22
5410,6,7,7
5411,9,11,10
5412,18,22,24
5413,27,35,40
5414,7,8,9
5415,10,11,11
5416,6,8,9
5417,42,47,51
5418,6,6,6
5419,12,13,15
5422,35,38,41
5431,42,50,53
5432,11,13,13
5433,37,37,36
5434,33,32,34
5440,12,13,12
5451,44,49,47
5452,25,28,27
5453,248,272,272
5454,14,18,18
5460,14,15,18
5461,46,55,56
5462,17,23,23
5464,12,16,20
5470,6,6,7
5473,16,16,17
5480,18,22,22
5481,11,11,13
5482,29,33,36
5483,18,20,19
5485,23,25,25
5490,6,6,6
5491,55,61,67
5495,12,13,14
5501,153,173,189
5502,24,30,33
5520,9,14,14
5522,29,29,29
5523,38,41,39
5540,197,217,223
5550,17,21,21
5552,7,9,9
5554,111,125,127
5555,20,24,31
5556,96,102,102
5558,115,119,121
5560,14,17,20
5570,14,18,19
5571,48,60,61
5572,8,9,11
5573,50,54,54
5575,89,92,101
5576,34,39,45
5577,20,23,24
5580,8,9,9
5581,20,24,24
5582,16,17,15
5583,25,26,30
5600,125,131,134
5602,50,53,54
5603,33,39,39
5604,12,13,13
5605,41,53,57
5606,551,590,602
5607,167,197,208
5608,92,95,97
5609,19,19,20
5630,7,7,8
5631,44,49,49
5632,6,10,11
5633,23,24,25
5640,43,48,50
5641,39,52,53
5642,19,23,24
5650,8,10,10
5652,26,33,37
5654,11,14,14
5661,6,6,6
5670,28,30,30
5671,11,12,13
5680,110,117,125
5690,118,125,130
5700,158,169,171
5701,5,5,7
5710,15,18,20
5720,6,6,6
5723,52,50,48
5725,35,38,39
5730,15,16,17
5731,7,7,6
5732,10,10,10
5950,19,20,20
6000,2017,2123,2129
6003,328,333,337
6004,467,485,483
6005,996,1062,1081
6006,466,499,503
6007,598,630,634
6008,1338,1397,1409
6009,958,994,1007
6010,779,821,817
6011,530,542,545
6012,322,338,342
6014,840,869,875
6015,298,317,317
6016,437,467,478
6017,1095,1151,1169
6018,1238,1294,1303
6019,837,879,879
6020,855,893,892
6021,1043,1102,1122
6022,116,128,128
6023,514,542,541
6024,371,396,401
6025,978,1015,1034
6026,616,651,662
6027,1557,1642,1648
6028,740,785,798
6029,129,136,139
6030,1040,1075,1091
6031,389,410,412
6032,10,11,15
6033,40,41,39
6034,47,48,49
6035,206,220,220
6036,352,365,362
6037,96,101,101
6038,161,163,171
6041,25,30,29
6043,10,10,10
6044,59,57,56
6050,658,702,694
6051,419,443,440
6052,371,401,398
6053,627,662,671
6054,545,570,575
6055,704,729,751
6056,1036,1123,1151
6057,332,349,360
6058,265,277,275
6059,826,852,869
6060,732,758,747
6061,1152,1173,1167
6062,1110,1164,1187
6063,357,365,367
6064,768,813,834
6065,2464,2610,2657
6066,449,485,497
6068,5,5,5
6069,861,892,888
6070,131,135,130
6071,112,122,121
6072,23,25,27
6073,129,137,136
6074,23,24,28
6076,666,724,730
6077,101,116,122
6078,39,46,47
6081,125,139,143
6082,67,67,72
6083,100,110,114
6084,191,213,222
6090,718,793,798
6100,598,638,634
6101,612,643,650
6102,359,363,364
6103,296,312,308
6104,560,585,601
6105,480,510,524
6106,364,399,401
6107,1345,1402,1406
6108,504,533,542
6109,486,514,515
6110,895,947,957
6111,490,525,534
6112,1210,1275,1296
6121,120,134,135
6122,339,375,388
6123,37,40,40
6124,23,28,29
6125,89,100,113
6126,5,7,6
6147,335,354,375
6148,493,515,522
6149,514,535,540
6150,406,421,430
6151,750,799,808
6152,776,807,807
6153,938,987,987
6154,559,584,589
6155,1843,1947,1953
6156,558,602,597
6157,475,510,515
6158,345,371,370
6159,214,231,226
6160,824,857,863
6161,6,6,7
6162,521,562,558
6163,1979,2066,2090
6164,1610,1688,1701
6165,48,56,60
6166,378,413,410
6167,427,448,457
6168,512,548,553
6169,480,506,516
6170,218,220,219
6171,517,548,549
6172,249,256,257
6173,217,236,248
6174,72,79,84
6175,70,76,77
6176,49,50,51
6180,79,81,84
6181,11,11,12
6207,30,35,32
6208,202,212,214
6209,45,50,52
6210,1547,1639,1635
6211,157,160,159
6213,19,19,19
6214,11,12,16
6215,73,70,76
6218,7,8,10
6220,80,86,96
6221,8,9,9
6223,8,9,9
6224,29,31,31
6225,101,115,123
6226,14,15,14
6227,14,14,17
6228,5,5,5
6229,40,45,44
6230,1176,1237,1248
6231,13,15,17
6232,142,150,151
6233,291,301,310
6236,66,73,72
6237,68,77,74
6239,105,112,118
6244,83,93,103
6251,12,14,14
6252,8,8,7
6253,25,26,24
6254,6,8,10
6255,131,137,139
6256,14,13,13
6258,189,228,232
6260,75,83,90
6262,27,29,30
6271,77,83,78
6275,76,80,79
6280,1122,1179,1199
6281,571,619,633
6282,149,156,153
6284,131,142,140
6285,759,778,791
6286,49,52,50
6288,33,37,40
6290,91,95,93
6302,117,130,135
6304,49,56,60
6306,39,47,51
6308,53,58,63
6309,7,9,8
6311,23,23,24
6312,151,161,161
6313,6,6,7
6315,71,89,93
6316,13,20,23
6317,81,97,104
6318,12,15,18
6320,19,28,30
6321,15,24,25
6322,6,8,11
6323,22,27,26
6324,109,117,128
6326,24,32,32
6327,10,12,12
6328,16,19,20
6330,1077,1162,1203
6331,10,10,10
6332,6,5,5
6333,330,364,364
6335,34,41,44
6336,12,17,17
6337,23,25,28
6338,46,49,53
6341,13,14,16
6343,19,22,23
6346,34,38,41
6348,15,17,15
6350,15,16,19
6352,12,16,17
6353,51,56,66
6355,36,43,46
6356,10,10,10
6357,7,9,9
6358,11,13,15
6359,41,43,43
6361,7,9,8
6363,5,6,6
6365,21,22,28
6367,7,10,11
6369,43,48,50
6370,20,24,26
6372,7,8,8
6375,37,43,46
6383,26,31,32
6386,7,6,7
6390,14,16,19
6391,38,46,47
6392,26,30,33
6393,8,11,13
6394,10,11,10
6395,84,110,115
6396,15,19,20
6398,42,43,42
6401,181,211,218
6403,6,9,10
6405,9,11,12
6407,34,36,37
6409,20,22,24
6410,28,29,29
6411,16,17,17
6415,67,84,85
6418,41,44,45
6419,6,6,5
6420,9,11,11
6421,7,8,9
6423,5,5,5
6424,5,8,8
6425,11,12,12
6426,18,20,19
6430,449,468,449
6432,95,101,102
6438,7,9,10
6440,6,6,6
6442,7,10,11
6443,18,17,15
6445,15,17,19
6446,7,9,13
6447,12,14,12
6448,7,10,12
6450,413,462,488
6460,27,34,36
6461,29,35,40
6462,5,5,5
6468,18,18,23
6472,13,17,18
6473,5,6,6
6475,21,22,23
6477,16,17,20
6479,26,31,31
6485,25,28,29
6488,13,15,15
6490,6,6,6
6501,31,38,40
6502,38,39,36
6503,69,77,83
6504,6,6,7
6505,8,9,10
6507,26,26,28
6509,7,7,8
6510,57,64,69
6511,40,39,37
6512,8,8,7
6514,19,18,19
6515,27,30,36
6516,82,86,86
6517,20,20,23
6518,11,15,16
6519,21,23,24
6521,21,24,30
6522,19,21,21
6525,109,115,120
6528,18,18,17
6530,961,1008,1012
6531,16,18,18
6532,186,202,205
6535,59,63,63
6536,96,96,90
6537,43,43,41
6556,46,47,50
6558,19,21,21
6560,13,13,14
6562,17,22,26
6566,92,96,103
6567,5,6,6
6568,11,12,12
6569,14,15,16
6571,5,6,6
6575,13,17,17
6603,34,35,42
6606,12,17,16
6608,8,8,8
6609,29,32,32
6612,11,12,12
6613,6,7,7
6616,5,5,6
6620,13,16,15
6623,13,16,18
6630,17,20,22
6631,10,10,8
6638,10,11,11
6640,5,5,5
6642,17,17,17
6646,8,9,9
6701,167,179,179
6707,160,170,169
6710,5,6,6
6713,27,29,29
6714,214,218,219
6718,11,10,10
6720,10,11,14
6721,83,93,91
6722,86,89,94
6725,426,447,446
6726,128,125,128
6728,63,67,71
6740,17,18,17
6743,200,209,210
6751,28,31,31
6753,39,36,37
6754,7,8,8
6760,6,7,8
6765,22,23,24
6770,19,19,19
6798,45,48,50
6799,21,22,22
6865,6,6,7
6872,10,12,15
6901,6,6,6
6903,10,10,8
6904,9,11,11
6914,10,8,6
6916,6,6,6
6951,12,15,16
6959,7,7,7
6979,5,5,5
7000,1305,1354,1365
7001,14,14,13
7004,402,427,423
7005,467,482,487
7007,80,82,84
7008,313,328,329
7009,438,466,470
7010,347,359,356
7011,174,178,181
7012,13,14,13
7015,194,202,206
7016,21,20,21
7017,110,123,128
7018,496,523,531
7019,65,68,76
7020,85,88,86
7021,83,87,84
7022,29,28,29
7023,9,10,10
7024,20,23,24
7025,71,74,76
7026,14,13,13
7030,238,262,268
7050,364,388,390
7051,6,6,6
7052,176,183,185
7053,111,115,115
7054,265,280,282
7055,30,31,31
7109,260,275,282
7112,114,113,111
7113,30,32,32
7116,60,63,64
7117,36,36,37
7120,31,36,38
7140,171,188,194
7150,97,104,107
7155,33,33,34
7162,24,28,30
7163,16,16,15
7170,248,261,268
7171,69,73,73
7172,101,108,109
7173,167,170,174
7174,13,14,14
7175,9,11,11
7177,28,28,29
7178,7,7,7
7179,29,33,33
7180,10,10,10
7182,13,13,13
7184,25,25,28
7190,126,136,138
7209,23,23,24
7210,26,27,26
7211,5,5,5
7212,67,71,71
7213,8,9,9
7214,12,13,13
7215,174,179,179
7216,158,164,165
7248,340,352,356
7249,338,366,383
7250,1600,1705,1732
7252,64,69,70
7253,62,64,67
7254,19,19,19
7255,35,38,40
7256,61,66,72
7258,49,54,52
7259,8,7,8
7260,83,92,98
7261,13,14,15
7262,63,67,71
7263,5,6,7
7264,18,18,19
7267,12,14,15
7268,36,40,41
7270,78,87,89
7275,80,84,86
7276,15,16,16
7277,161,172,178
7290,43,46,48
7291,14,15,15
7292,20,21,22
7300,53,61,61
7301,115,120,120
7302,39,40,40
7303,62,66,67
7304,177,194,200
7305,24,25,25
7306,118,125,129
7307,226,242,244
7310,699,745,739
7315,321,334,332
7316,143,145,144
7320,394,412,412
7321,100,109,117
7322,58,59,61
7325,170,178,183
7330,157,170,179
7331,47,49,49
7467,23,24,25
7468,39,39,40
7469,8,8,9
9726,5,6,6
N/A as <5 applications for postcode or postcode not available,933,1034,1074
TOTAL,863798,911888,928864
